{
  "type": "entity",
  "pools": [
    {
      "rolls": 1,
      "entries": [
        {
          "type": "item",
          "name": "minecraft:player_head",
          "functions": [
            {
              "function": "set_name",
              "name": {
                "text": "Birch Armchair",
                "color": "yellow",
                "bold": false,
                "italic": false
              },
              "entity": "this"
            },     
            {
                   "function": "set_components",
                   "components": {
                       "minecraft:profile": {
                           "id": [
                            -1833309811,734611027,-1682320873,-1855954670
                           ],
                           "properties": [
                               {
                                   "name": "textures",
                                   "value": "eyJ0ZXh0dXJlcyI6eyJTS0lOIjp7InVybCI6Imh0dHA6Ly90ZXh0dXJlcy5taW5lY3JhZnQubmV0L3RleHR1cmUvZmMxMTEzNzUyZjk0ZjYyYmMwZTFkYzY1M2EwM2FlNzc0NjNjNzYyZDAxMTgxNzg5YWU4ODkzYjQyZDBhZmQ4NyJ9fX0="
                               }
                           ]
                       }
                     }
               },
            {
              "function": "set_custom_data",
              "tag": "{furniture:1b,chair4:1b,birch:1b}"
          }
          ]
        }
      ]
    }
  ]
}