{
  "display": {
    "icon": {
      "id": "minecraft:player_head",
      "components": {
        "minecraft:profile": {
            "id": [
              1108158851,328224704,-2065518152,-1709381322
            ],
            "properties": [
                {
                    "name": "textures",
                    "value": "eyJ0ZXh0dXJlcyI6eyJTS0lOIjp7InVybCI6Imh0dHA6Ly90ZXh0dXJlcy5taW5lY3JhZnQubmV0L3RleHR1cmUvYjRhZTU1ZDI5MGZiOGQzOTg2M2IzODU2Y2JmZmRlZTNiOTA2ZDkxNjY3NzVmNDgwMzE2NzU4OWY3NDVhMTg3ZCJ9fX0="
                }
            ]
        }
      }
    },
    "title": "FurniCraft Advancements",
    "description": "Advancements of the FurniCraft",
    "background": "minecraft:textures/block/birch_planks.png",
    "announce_to_chat": false,
    "hidden": false
  },
  "parent": "ketkets:main",
  "criteria": {
    "requirement": {
      "trigger": "minecraft:location"
    }
  }
}