{
    "type": "entity",
    "pools": [
      {
        "rolls": 1,
        "entries": [
          {
            "type": "item",
            "name": "minecraft:player_head",
            "functions": [
              {
                "function": "set_name",
                "name": {
                  "text": "Oak Bedside Cabinet",
                  "color": "yellow",
                  "bold": false,
                  "italic": false
                },
                "entity": "this"
              },
              {
                "function": "set_components",
                "components": {
                    "minecraft:profile": {
                        "id": [
                          -664380932,-2088153519,-1327422476,-817992832
                        ],
                        "properties": [
                            {
                                "name": "textures",
                                "value": "eyJ0ZXh0dXJlcyI6eyJTS0lOIjp7InVybCI6Imh0dHA6Ly90ZXh0dXJlcy5taW5lY3JhZnQubmV0L3RleHR1cmUvZjYyMDUxOWI3NDUzNmMxZjg1YjdjN2U1ZTExY2U1YzA1OWMyZmY3NTljYjhkZjI1NGZjN2Y5Y2U3ODFkMjkifX19"
                            }
                        ]
                    }
                  }
            },
              {
                "function": "set_custom_data",
                "tag": "{furniture:1b,cabinet3:1b,oak:1b}"
            }
            ]
          }
        ]
      }
    ]
  }