{

    "providers" : [
        {

            "type": "bitmap",
            "file": "minecraft:sb/kelcoin.png",
            "ascent" : 16,
            "height" : 16,
            "chars": ["\uE001"]
        },
        {

            "type": "bitmap",
            "file": "minecraft:sb/bosluk.png",
            "ascent" : 16,
            "height" : 16,
            "chars": ["\uE002"]
        },
        {

            "type": "bitmap",
            "file": "minecraft:sb/kelcoinicon.png",
            "ascent" : 11,
            "height" : 11,
            "chars": ["\uE003"]
        }
    ]
}